{
    "seasonal_temperature": {
        "target": "seasonal_temperature",
        "mae": 0.4683037459078971,
        "rmse": 0.6112198968158805,
        "r2": 0.9598293994517604
    },
    "seasonal_rainfall": {
        "target": "seasonal_rainfall",
        "mae": 116.86146313699048,
        "rmse": 178.32522120093972,
        "r2": 0.7805905610125091
    },
    "seasonal_sunshine": {
        "target": "seasonal_sunshine",
        "mae": 0.2658540393718328,
        "rmse": 0.348714320316918,
        "r2": 0.8914617105538364
    }
}