{
    "seasonal_temperature": {
        "target": "seasonal_temperature",
        "mae": 0.4633280775551327,
        "rmse": 0.6114254087186156,
        "r2": 0.9598023815994787
    },
    "seasonal_rainfall": {
        "target": "seasonal_rainfall",
        "mae": 109.1975062966772,
        "rmse": 167.40221286200298,
        "r2": 0.8066464486237854
    },
    "seasonal_sunshine": {
        "target": "seasonal_sunshine",
        "mae": 0.23665435774642132,
        "rmse": 0.32120263229323776,
        "r2": 0.9079123056811476
    }
}